Batch,Subject,PVC_Nr,Sow,Test_Nr,Novel_pig,NPT_sudden_display_freq,NPT_walking_by_fence_dur,NPT_NP_nose.nose_freq,Agonistic_out_degree,Agonistic_out_strength,Agonistic_betweenness,Agonistic_AUC.Fc,Agonistic_WDC,Mount_out_degree,Mount_out_strength,Mount_betweenness,Mount_AUC.Fc,Mount_WDC,Nose.ano_out_degree,Nose.ano_out_strength,Nose.ano_betweenness,Nose.ano_AUC.Fc,Nose.ano_WDC,Nose.body_out_degree,Nose.body_out_strength,Nose.body_betweenness,Nose.body_AUC.Fc,Nose.body_WDC,Nose.front_out_degree,Nose.front_out_strength,Nose.front_betweenness,Nose.front_AUC.Fc,Nose.front_WDC,Play_out_degree,Play_out_strength,Play_betweenness,Play_AUC.Fc,Play_WDC,Social.resting_out_degree,Social.resting_out_strength,Social.resting_betweenness,Social.resting_AUC.Fc,Social.resting_WDC,Non.agonistic_out_degree,Non.agonistic_out_strength,Non.agonistic_betweenness,Non.agonistic_AUC.Fc,Non.agonistic_WDC
1,1,7710,631,1,9453,NA,NA,NA,8,9,25.0944805194805,4.5,9,0,0,0,0,0,0,0,0,0,0,2,2,7.20833333333333,1,2,7,10,11.7761904761905,2.7,5.4,0,0,0,0,0,0,0,0,0,0,12,21,27.8407509157509,4.26190476190476,8.52380952380952
1,1,7710,631,2,9297,0,0,31,8,9,25.0944805194805,4.5,9,0,0,0,0,0,0,0,0,0,0,2,2,7.20833333333333,1,2,7,10,11.7761904761905,2.7,5.4,0,0,0,0,0,0,0,0,0,0,12,21,27.8407509157509,4.26190476190476,8.52380952380952
1,10,7966,656,1,8147,NA,NA,NA,12,30,12.8984126984127,4.96666666666667,9.93333333333333,0,0,0,0,0,1,1,2,0.5,1,7,8,23.4357142857143,4,8,7,9,19.5083333333333,2.94444444444444,5.88888888888889,1,2,1,0.5,1,1,1,0,0.5,1,15,51,9.5014652014652,4.73529411764706,9.47058823529412
1,10,7966,656,2,8528,0,0,24,12,30,12.8984126984127,4.96666666666667,9.93333333333333,0,0,0,0,0,1,1,2,0.5,1,7,8,23.4357142857143,4,8,7,9,19.5083333333333,2.94444444444444,5.88888888888889,1,2,1,0.5,1,1,1,0,0.5,1,15,51,9.5014652014652,4.73529411764706,9.47058823529412
1,11,7914,765,1,803,NA,NA,NA,11,35,2.51388888888889,3.61428571428571,7.22857142857143,4,7,33.5,1.92857142857143,3.85714285714286,1,1,0,0.5,1,6,9,25.5857142857143,2.16666666666667,4.33333333333333,7,13,8.42619047619048,2.88461538461538,5.76923076923077,0,0,0,0,0,1,1,4,0.5,1,15,66,2.50952380952381,3.75757575757576,7.51515151515152
1,11,7914,765,2,674,0,0,23,11,35,2.51388888888889,3.61428571428571,7.22857142857143,4,7,33.5,1.92857142857143,3.85714285714286,1,1,0,0.5,1,6,9,25.5857142857143,2.16666666666667,4.33333333333333,7,13,8.42619047619048,2.88461538461538,5.76923076923077,0,0,0,0,0,1,1,4,0.5,1,15,66,2.50952380952381,3.75757575757576,7.51515151515152
1,12,7834,656,1,680,NA,NA,NA,13,32,25.127886002886,5.28125,10.5625,0,0,0,0,0,0,0,0,0,0,2,2,6.72222222222222,1,2,7,11,5.45,2.95454545454545,5.90909090909091,1,1,0,0.5,1,4,4,0,2,4,17,50,19.9795787545787,5.28,10.56
1,12,7834,656,2,609,1,3.006,13,13,32,25.127886002886,5.28125,10.5625,0,0,0,0,0,0,0,0,0,0,2,2,6.72222222222222,1,2,7,11,5.45,2.95454545454545,5.90909090909091,1,1,0,0.5,1,4,4,0,2,4,17,50,19.9795787545787,5.28,10.56
1,13,7765,721,1,9453,NA,NA,NA,11,23,7.31904761904762,4.06521739130435,8.1304347826087,4,5,10.5,1.7,3.4,4,4,4,2,4,11,13,57.5460317460317,5.57692307692308,11.1538461538462,13,18,25.8797619047619,5.16666666666667,10.3333333333333,0,0,0,0,0,2,2,9,1,2,16,65,2.46978021978022,5.73076923076923,11.4615384615385
1,13,7765,721,2,9297,0,0,15,11,23,7.31904761904762,4.06521739130435,8.1304347826087,4,5,10.5,1.7,3.4,4,4,4,2,4,11,13,57.5460317460317,5.57692307692308,11.1538461538462,13,18,25.8797619047619,5.16666666666667,10.3333333333333,0,0,0,0,0,2,2,9,1,2,16,65,2.46978021978022,5.73076923076923,11.4615384615385
1,14,7712,713,1,8147,NA,NA,NA,11,18,28.5350649350649,5.66666666666667,11.3333333333333,1,2,6,0.5,1,0,0,0,0,0,2,2,1.08333333333333,1,2,9,14,15.6444444444444,3.92857142857143,7.85714285714286,3,3,0,1.5,3,3,3,0,1.5,3,13,42,3.10119047619048,4.80952380952381,9.61904761904762
1,14,7712,713,2,674,0,11.751,20,11,18,28.5350649350649,5.66666666666667,11.3333333333333,1,2,6,0.5,1,0,0,0,0,0,2,2,1.08333333333333,1,2,9,14,15.6444444444444,3.92857142857143,7.85714285714286,3,3,0,1.5,3,3,3,0,1.5,3,13,42,3.10119047619048,4.80952380952381,9.61904761904762
1,15,7804,693,1,803,NA,NA,NA,9,15,13.4980158730159,3.76666666666667,7.53333333333333,5,5,0,2.5,5,1,1,0,0.5,1,2,3,1.50396825396825,0.833333333333333,1.66666666666667,8,19,9.34007936507937,4.07894736842105,8.1578947368421,0,0,0,0,0,0,0,0,0,0,13,43,5.9,4.54651162790698,9.09302325581395
1,15,7804,693,2,8528,1,5.754,17,9,15,13.4980158730159,3.76666666666667,7.53333333333333,5,5,0,2.5,5,1,1,0,0.5,1,2,3,1.50396825396825,0.833333333333333,1.66666666666667,8,19,9.34007936507937,4.07894736842105,8.1578947368421,0,0,0,0,0,0,0,0,0,0,13,43,5.9,4.54651162790698,9.09302325581395
1,16,7962,673,1,680,NA,NA,NA,2,2,4.60714285714286,1,2,0,0,0,0,0,0,0,0,0,0,1,1,0,0.5,1,3,3,8.92936507936508,1.5,3,0,0,0,0,0,2,2,0,1,2,8,8,32.7505494505494,4,8
1,16,7962,673,2,609,0,0,2,2,2,4.60714285714286,1,2,0,0,0,0,0,0,0,0,0,0,1,1,0,0.5,1,3,3,8.92936507936508,1.5,3,0,0,0,0,0,2,2,0,1,2,8,8,32.7505494505494,4,8
1,17,7924,765,NA,NA,NA,NA,NA,11,19,15.3460317460317,4.81578947368421,9.63157894736842,3,3,55.5,1.5,3,1,1,2,0.5,1,10,15,6.56349206349206,6.56666666666667,13.1333333333333,15,30,16.715873015873,7.63333333333333,15.2666666666667,1,2,0,0.5,1,2,2,1,1,2,16,72,0.476190476190476,5.81944444444444,11.6388888888889
1,18,7829,766,NA,NA,NA,NA,NA,10,23,7.21233766233766,3.71739130434783,7.43478260869565,1,1,58.5,0.5,1,0,0,0,0,0,2,2,1.16666666666667,1,2,10,15,23.5936507936508,4.16666666666667,8.33333333333333,1,1,0,0.5,1,1,2,18,1,2,15,44,18.4214285714286,4.38636363636364,8.77272727272727
1,2,7641,672,1,8147,NA,NA,NA,12,25,10.8794372294372,4.94,9.88,0,0,0,0,0,1,1,0,0.5,1,5,6,4.51190476190476,2.16666666666667,4.33333333333333,9,17,9.28809523809524,3.02941176470588,6.05882352941176,0,0,0,0,0,2,2,1.5,1,2,16,51,2.54166666666667,4.99019607843137,9.98039215686275
1,2,7641,672,2,8528,0,0,19,12,25,10.8794372294372,4.94,9.88,0,0,0,0,0,1,1,0,0.5,1,5,6,4.51190476190476,2.16666666666667,4.33333333333333,9,17,9.28809523809524,3.02941176470588,6.05882352941176,0,0,0,0,0,2,2,1.5,1,2,16,51,2.54166666666667,4.99019607843137,9.98039215686275
1,3,7832,693,1,803,NA,NA,NA,9,19,16.4361471861472,4.18421052631579,8.36842105263158,0,0,0,0,0,0,0,0,0,0,0,0,0,0,0,7,9,6.25952380952381,2.94444444444444,5.88888888888889,0,0,0,0,0,2,2,20,1,2,11,30,9.0974358974359,3.7,7.4
1,3,7832,693,2,674,3,5.504,17,9,19,16.4361471861472,4.18421052631579,8.36842105263158,0,0,0,0,0,0,0,0,0,0,0,0,0,0,0,7,9,6.25952380952381,2.94444444444444,5.88888888888889,0,0,0,0,0,2,2,20,1,2,11,30,9.0974358974359,3.7,7.4
1,4,7835,670,1,680,NA,NA,NA,12,17,11.3818903318903,6.02941176470588,12.0588235294118,0,0,0,0,0,0,0,0,0,0,3,3,22.0555555555556,1.5,3,11,15,26.9242063492063,4.96666666666667,9.93333333333333,2,2,0,1,2,0,0,0,0,0,16,37,10.2607142857143,5.52702702702703,11.0540540540541
1,4,7835,670,2,609,2,0,17,12,17,11.3818903318903,6.02941176470588,12.0588235294118,0,0,0,0,0,0,0,0,0,0,3,3,22.0555555555556,1.5,3,11,15,26.9242063492063,4.96666666666667,9.93333333333333,2,2,0,1,2,0,0,0,0,0,16,37,10.2607142857143,5.52702702702703,11.0540540540541
1,5,7961,718,1,9453,NA,NA,NA,7,9,9.1984126984127,2.83333333333333,5.66666666666667,1,1,10,0.5,1,2,2,0,1,2,5,5,21.622619047619,2.5,5,7,11,9.13888888888889,3.13636363636364,6.27272727272727,0,0,0,0,0,0,0,0,0,0,13,28,12.6904761904762,4,8
1,5,7961,718,2,9297,3,9.742,32,7,9,9.1984126984127,2.83333333333333,5.66666666666667,1,1,10,0.5,1,2,2,0,1,2,5,5,21.622619047619,2.5,5,7,11,9.13888888888889,3.13636363636364,6.27272727272727,0,0,0,0,0,0,0,0,0,0,13,28,12.6904761904762,4,8
1,6,7907,721,1,8147,NA,NA,NA,3,8,3.125,1.25,2.5,4,11,40,1.5,3,2,3,0,1.5,3,8,10,38.431746031746,4.1,8.2,6,13,3.62301587301587,2.03846153846154,4.07692307692308,0,0,0,0,0,1,1,19,0.5,1,12,46,9.24267399267399,3.1304347826087,6.26086956521739
1,6,7907,721,2,8528,0,0,7,3,8,3.125,1.25,2.5,4,11,40,1.5,3,2,3,0,1.5,3,8,10,38.431746031746,4.1,8.2,6,13,3.62301587301587,2.03846153846154,4.07692307692308,0,0,0,0,0,1,1,19,0.5,1,12,46,9.24267399267399,3.1304347826087,6.26086956521739
1,7,7865,685,1,803,NA,NA,NA,7,20,14.1780303030303,3.45,6.9,1,1,0,0.5,1,1,1,0,0.5,1,2,2,19.3087301587302,1,2,5,6,11.9,3,6,2,3,3,1.5,3,4,4,16.5,2,4,13,37,26.3005494505495,3.44594594594595,6.89189189189189
1,7,7865,685,2,674,0,0,18,7,20,14.1780303030303,3.45,6.9,1,1,0,0.5,1,1,1,0,0.5,1,2,2,19.3087301587302,1,2,5,6,11.9,3,6,2,3,3,1.5,3,4,4,16.5,2,4,13,37,26.3005494505495,3.44594594594595,6.89189189189189
1,8,7986,685,1,680,NA,NA,NA,13,19,25.0040764790765,5.5,11,2,2,30.5,1,2,0,0,0,0,0,9,10,37.2619047619048,4.1,8.2,9,16,5.83333333333333,3.9375,7.875,1,1,0,0.5,1,3,3,40,2,4,16,51,3.36666666666667,6.07692307692308,12.1538461538462
1,8,7986,685,2,609,1,7.491,12,13,19,25.0040764790765,5.5,11,2,2,30.5,1,2,0,0,0,0,0,9,10,37.2619047619048,4.1,8.2,9,16,5.83333333333333,3.9375,7.875,1,1,0,0.5,1,3,3,40,2,4,16,51,3.36666666666667,6.07692307692308,12.1538461538462
1,9,7831,766,1,9453,NA,NA,NA,4,14,0.938095238095238,1.35714285714286,2.71428571428571,2,2,63.5,1,2,0,0,0,0,0,6,6,30.2242063492063,3,6,6,9,10.8857142857143,2.27777777777778,4.55555555555556,0,0,0,0,0,4,5,0,1.7,3.4,14,36,14.9440476190476,4.02777777777778,8.05555555555556
1,9,7831,766,2,9297,0,16.747,22,4,14,0.938095238095238,1.35714285714286,2.71428571428571,2,2,63.5,1,2,0,0,0,0,0,6,6,30.2242063492063,3,6,6,9,10.8857142857143,2.27777777777778,4.55555555555556,0,0,0,0,0,4,5,0,1.7,3.4,14,36,14.9440476190476,4.02777777777778,8.05555555555556
2,1,4,691,1,8927,0,67.59,15,10,19,21.8126984126984,3.44736842105263,6.89473684210526,3,3,19.4833333333333,1.5,3,0,0,0,0,0,6,12,3.5,2.33333333333333,4.66666666666667,4,8,1.06031746031746,1.625,3.25,4,6,5.81363636363636,1.66666666666667,3.33333333333333,3,4,17.1512987012987,1.25,2.5,15,52,75.7437950937951,4.53846153846154,9.07692307692308
2,1,4,691,2,8793,0,95.239,29,10,19,21.8126984126984,3.44736842105263,6.89473684210526,3,3,19.4833333333333,1.5,3,0,0,0,0,0,6,12,3.5,2.33333333333333,4.66666666666667,4,8,1.06031746031746,1.625,3.25,4,6,5.81363636363636,1.66666666666667,3.33333333333333,3,4,17.1512987012987,1.25,2.5,15,52,75.7437950937951,4.53846153846154,9.07692307692308
2,10,2,772,1,8759,0,3.801,8,12,43,2.33333333333333,3.94186046511628,7.88372093023256,3,6,3.41666666666667,1.16666666666667,2.33333333333333,0,0,0,0,0,3,4,6.43809523809524,1.25,2.5,11,20,6.90952380952381,3.65,7.3,1,1,3,0.5,1,6,7,45.4874458874459,2.64285714285714,5.28571428571429,15,81,11.14329004329,4.24074074074074,8.48148148148148
2,10,2,772,2,8790,0,0,29,12,43,2.33333333333333,3.94186046511628,7.88372093023256,3,6,3.41666666666667,1.16666666666667,2.33333333333333,0,0,0,0,0,3,4,6.43809523809524,1.25,2.5,11,20,6.90952380952381,3.65,7.3,1,1,3,0.5,1,6,7,45.4874458874459,2.64285714285714,5.28571428571429,15,81,11.14329004329,4.24074074074074,8.48148148148148
2,11,13,775,1,8928,0,0,4,12,34,16.6642857142857,4.29411764705882,8.58823529411765,7,19,53.35,2.02631578947368,4.05263157894737,2,2,7,1,2,5,6,13.927331002331,2.16666666666667,4.33333333333333,9,18,8.2984126984127,2.94444444444444,5.88888888888889,6,6,12.9575757575758,3,6,6,6,37.9965367965368,3,6,15,91,15.6857142857143,5.13736263736264,10.2747252747253
2,11,13,775,2,8929,NA,NA,NA,12,34,16.6642857142857,4.29411764705882,8.58823529411765,7,19,53.35,2.02631578947368,4.05263157894737,2,2,7,1,2,5,6,13.927331002331,2.16666666666667,4.33333333333333,9,18,8.2984126984127,2.94444444444444,5.88888888888889,6,6,12.9575757575758,3,6,6,6,37.9965367965368,3,6,15,91,15.6857142857143,5.13736263736264,10.2747252747253
2,12,3,772,1,8779,0,0,9,13,29,7.62142857142857,4.67241379310345,9.3448275862069,6,7,34.7,2.64285714285714,5.28571428571429,4,4,102.416666666667,2,4,13,21,20.8074897324897,4.97619047619048,9.95238095238095,14,30,7.84285714285714,5.23333333333333,10.4666666666667,11,20,27.0627705627706,4.3,8.6,4,6,8.11904761904762,1.66666666666667,3.33333333333333,17,117,8.36666666666667,6.19230769230769,12.3846153846154
2,12,3,772,2,8825,0,0,13,13,29,7.62142857142857,4.67241379310345,9.3448275862069,6,7,34.7,2.64285714285714,5.28571428571429,4,4,102.416666666667,2,4,13,21,20.8074897324897,4.97619047619048,9.95238095238095,14,30,7.84285714285714,5.23333333333333,10.4666666666667,11,20,27.0627705627706,4.3,8.6,4,6,8.11904761904762,1.66666666666667,3.33333333333333,17,117,8.36666666666667,6.19230769230769,12.3846153846154
2,13,9,751,1,8927,3,30.747,14,10,24,13.6253968253968,4.41666666666667,8.83333333333333,2,2,7.33333333333333,1,2,3,3,0,1.5,3,4,4,1.89560994560995,2,4,12,22,6.99603174603175,8.40909090909091,16.8181818181818,12,27,18.9333333333333,4.2037037037037,8.40740740740741,3,3,13.8742424242424,1.5,3,17,85,35.6252525252525,5.17058823529412,10.3411764705882
2,13,9,751,2,8793,7,23.247,29,10,24,13.6253968253968,4.41666666666667,8.83333333333333,2,2,7.33333333333333,1,2,3,3,0,1.5,3,4,4,1.89560994560995,2,4,12,22,6.99603174603175,8.40909090909091,16.8181818181818,12,27,18.9333333333333,4.2037037037037,8.40740740740741,3,3,13.8742424242424,1.5,3,17,85,35.6252525252525,5.17058823529412,10.3411764705882
2,14,15,747,1,8759,0,0,26,16,48,22.1761904761905,5.58333333333333,11.1666666666667,3,4,50.75,1.25,2.5,5,5,24.1666666666667,2.5,5,10,22,10.95,3.5,7,15,29,8.8468253968254,5.77586206896552,11.551724137931,3,3,9.16601731601732,1.5,3,4,5,27.0560606060606,1.7,3.4,17,116,0,6.25862068965517,12.5172413793103
2,14,15,747,2,8790,0,4.251,18,16,48,22.1761904761905,5.58333333333333,11.1666666666667,3,4,50.75,1.25,2.5,5,5,24.1666666666667,2.5,5,10,22,10.95,3.5,7,15,29,8.8468253968254,5.77586206896552,11.551724137931,3,3,9.16601731601732,1.5,3,4,5,27.0560606060606,1.7,3.4,17,116,0,6.25862068965517,12.5172413793103
2,15,19,680,1,8928,0,0,10,10,26,5.66666666666667,3.88461538461539,7.76923076923077,7,23,2.08333333333333,2.89130434782609,5.78260869565217,5,6,21.3333333333333,2.16666666666667,4.33333333333333,11,33,2.99166666666667,3.25757575757576,6.51515151515152,11,18,18.7888888888889,4.38888888888889,8.77777777777778,10,28,24.2095238095238,3.5,7,1,1,0,0.5,1,17,135,3.73333333333333,5.81851851851852,11.637037037037
2,15,19,680,2,8929,NA,NA,NA,10,26,5.66666666666667,3.88461538461539,7.76923076923077,7,23,2.08333333333333,2.89130434782609,5.78260869565217,5,6,21.3333333333333,2.16666666666667,4.33333333333333,11,33,2.99166666666667,3.25757575757576,6.51515151515152,11,18,18.7888888888889,4.38888888888889,8.77777777777778,10,28,24.2095238095238,3.5,7,1,1,0,0.5,1,17,135,3.73333333333333,5.81851851851852,11.637037037037
2,16,1,775,1,8779,1,0,5,8,27,4.91111111111111,2.72222222222222,5.44444444444444,3,3,1.33333333333333,1.5,3,1,1,13.8333333333333,0.5,1,8,14,11.1880952380952,2.92857142857143,5.85714285714286,10,18,15.997619047619,3.5,7,4,5,4.9,1.7,3.4,4,5,12.5428571428571,1.7,3.4,16,73,42.2202741702742,4.84246575342466,9.68493150684932
2,16,1,775,2,8825,0,0,29,8,27,4.91111111111111,2.72222222222222,5.44444444444444,3,3,1.33333333333333,1.5,3,1,1,13.8333333333333,0.5,1,8,14,11.1880952380952,2.92857142857143,5.85714285714286,10,18,15.997619047619,3.5,7,4,5,4.9,1.7,3.4,4,5,12.5428571428571,1.7,3.4,16,73,42.2202741702742,4.84246575342466,9.68493150684932
2,17,6,728,NA,NA,NA,NA,NA,9,26,10.7309523809524,2.69230769230769,5.38461538461539,15,40,66.7333333333333,4.525,9.05,4,5,29.3333333333333,1.7,3.4,8,20,25.5872766122766,2.4,4.8,15,33,9.6484126984127,5.31818181818182,10.6363636363636,3,7,15.2322510822511,2.07142857142857,4.14285714285714,3,4,3.72619047619048,1.25,2.5,17,135,2.81709956709957,5.3,10.6
2,18,22,770,NA,NA,NA,NA,NA,12,36,14.8214285714286,4.11111111111111,8.22222222222222,7,10,4.86666666666667,2.9,5.8,3,3,34.3333333333333,1.5,3,10,18,25.1183760683761,3.5,7,14,27,18.1023809523809,4.94444444444444,9.88888888888889,11,21,8.2,4.26190476190476,8.52380952380952,6,12,27.752380952381,2,4,17,127,0.453968253968254,5.69685039370079,11.3937007874016
2,2,14,747,1,8759,0,6.047,16,10,32,23.0039682539683,2.6875,5.375,0,0,0,0,0,0,0,0,0,0,2,3,1.65833333333333,0.833333333333333,1.66666666666667,6,7,25.1468253968254,2.64285714285714,5.28571428571429,3,3,25.7595238095238,1.5,3,1,1,4.64285714285714,0.5,1,15,46,48.5595238095238,4.3695652173913,8.73913043478261
2,2,14,747,2,8790,2,4,26,10,32,23.0039682539683,2.6875,5.375,0,0,0,0,0,0,0,0,0,0,2,3,1.65833333333333,0.833333333333333,1.66666666666667,6,7,25.1468253968254,2.64285714285714,5.28571428571429,3,3,25.7595238095238,1.5,3,1,1,4.64285714285714,0.5,1,15,46,48.5595238095238,4.3695652173913,8.73913043478261
2,3,18,680,1,8928,0,17.252,28,15,46,9.05396825396825,4.23913043478261,8.47826086956522,6,18,22.45,2.05555555555556,4.11111111111111,1,1,4,0.5,1,8,9,13.4459207459207,3.61111111111111,7.22222222222222,13,28,9.48412698412698,5.10714285714286,10.2142857142857,8,15,5.76709956709957,2.7,5.4,3,3,12.0922077922078,1.5,3,17,120,12.482683982684,5.325,10.65
2,3,18,680,2,8929,0,0,31,15,46,9.05396825396825,4.23913043478261,8.47826086956522,6,18,22.45,2.05555555555556,4.11111111111111,1,1,4,0.5,1,8,9,13.4459207459207,3.61111111111111,7.22222222222222,13,28,9.48412698412698,5.10714285714286,10.2142857142857,8,15,5.76709956709957,2.7,5.4,3,3,12.0922077922078,1.5,3,17,120,12.482683982684,5.325,10.65
2,4,7,728,1,8779,0,3.5,22,10,29,6.05,3.91379310344828,7.82758620689655,6,9,2.58333333333333,2.27777777777778,4.55555555555556,2,2,24.8333333333333,1,2,7,12,13.4799866799867,2.41666666666667,4.83333333333333,17,53,11.5880952380952,5.85849056603774,11.7169811320755,7,9,36.4761904761905,3.61111111111111,7.22222222222222,11,18,58.2549783549783,4.16666666666667,8.33333333333333,17,132,3.3504329004329,6.46212121212121,12.9242424242424
2,4,7,728,2,8825,NA,NA,NA,10,29,6.05,3.91379310344828,7.82758620689655,6,9,2.58333333333333,2.27777777777778,4.55555555555556,2,2,24.8333333333333,1,2,7,12,13.4799866799867,2.41666666666667,4.83333333333333,17,53,11.5880952380952,5.85849056603774,11.7169811320755,7,9,36.4761904761905,3.61111111111111,7.22222222222222,11,18,58.2549783549783,4.16666666666667,8.33333333333333,17,132,3.3504329004329,6.46212121212121,12.9242424242424
2,5,10,751,1,8927,0,26.1,15,14,42,3.5,5.21428571428571,10.4285714285714,10,22,25.5666666666667,3.22727272727273,6.45454545454545,2,3,59.0833333333333,0.833333333333333,1.66666666666667,12,18,13.2677461427461,4.72222222222222,9.44444444444444,15,36,2.4047619047619,5.44444444444444,10.8888888888889,6,11,6.63939393939394,3.31818181818182,6.63636363636364,3,4,23.2261904761905,1.25,2.5,17,136,0.25,6.55882352941176,13.1176470588235
2,5,10,751,2,8793,NA,NA,NA,14,42,3.5,5.21428571428571,10.4285714285714,10,22,25.5666666666667,3.22727272727273,6.45454545454545,2,3,59.0833333333333,0.833333333333333,1.66666666666667,12,18,13.2677461427461,4.72222222222222,9.44444444444444,15,36,2.4047619047619,5.44444444444444,10.8888888888889,6,11,6.63939393939394,3.31818181818182,6.63636363636364,3,4,23.2261904761905,1.25,2.5,17,136,0.25,6.55882352941176,13.1176470588235
2,6,5,691,1,8759,0,26.491,7,15,39,22.797619047619,5.42307692307692,10.8461538461538,5,5,9.08333333333333,2.5,5,1,1,1,0.5,1,8,10,30.029711954712,3.4,6.8,10,18,6.28333333333333,3.72222222222222,7.44444444444444,10,13,44.6794372294372,4.03846153846154,8.07692307692308,6,7,59.4190476190476,2.64285714285714,5.28571428571429,17,93,0.5,6.41397849462366,12.8279569892473
2,6,5,691,2,8790,0,5,13,15,39,22.797619047619,5.42307692307692,10.8461538461538,5,5,9.08333333333333,2.5,5,1,1,1,0.5,1,8,10,30.029711954712,3.4,6.8,10,18,6.28333333333333,3.72222222222222,7.44444444444444,10,13,44.6794372294372,4.03846153846154,8.07692307692308,6,7,59.4190476190476,2.64285714285714,5.28571428571429,17,93,0.5,6.41397849462366,12.8279569892473
2,7,11,592,1,8928,0,3.498,15,11,14,41.6634920634921,4.64285714285714,9.28571428571428,0,0,0,0,0,2,2,12.4166666666667,1,2,7,11,46.7693695193695,2.5,5,12,25,14.434126984127,4.5,9,9,18,10.4175324675325,3.61111111111111,7.22222222222222,5,8,17.2469696969697,1.875,3.75,16,78,3.33333333333333,5.79487179487179,11.5897435897436
2,7,11,592,2,8929,0,0,27,11,14,41.6634920634921,4.64285714285714,9.28571428571428,0,0,0,0,0,2,2,12.4166666666667,1,2,7,11,46.7693695193695,2.5,5,12,25,14.434126984127,4.5,9,9,18,10.4175324675325,3.61111111111111,7.22222222222222,5,8,17.2469696969697,1.875,3.75,16,78,3.33333333333333,5.79487179487179,11.5897435897436
2,8,12,592,1,8779,0,0,8,9,25,5.18809523809524,3.46,6.92,4,9,25.5833333333333,1.61111111111111,3.22222222222222,4,5,68.1666666666667,1.7,3.4,4,5,11.3594988344988,1.7,3.4,13,22,4.08888888888889,4.86363636363636,9.72727272727273,8,9,3.98376623376623,3.61111111111111,7.22222222222222,2,2,16.1246753246753,1,2,17,77,11.1715007215007,5.3961038961039,10.7922077922078
2,8,12,592,2,8825,0,0,14,9,25,5.18809523809524,3.46,6.92,4,9,25.5833333333333,1.61111111111111,3.22222222222222,4,5,68.1666666666667,1.7,3.4,4,5,11.3594988344988,1.7,3.4,13,22,4.08888888888889,4.86363636363636,9.72727272727273,8,9,3.98376623376623,3.61111111111111,7.22222222222222,2,2,16.1246753246753,1,2,17,77,11.1715007215007,5.3961038961039,10.7922077922078
2,9,21,770,1,8927,0,35.241,23,9,25,3.55634920634921,2.82,5.64,7,17,9.36666666666667,2.5,5,3,5,4.83333333333333,1.1,2.2,6,7,7.03288655788656,2.64285714285714,5.28571428571429,17,31,20.1111111111111,5.98387096774194,11.9677419354839,10,29,14.8761904761905,3.8448275862069,7.68965517241379,5,7,17.8928571428571,1.92857142857143,3.85714285714286,17,121,16.2012987012987,4.79752066115702,9.59504132231405
2,9,21,770,2,8793,0,45.492,18,9,25,3.55634920634921,2.82,5.64,7,17,9.36666666666667,2.5,5,3,5,4.83333333333333,1.1,2.2,6,7,7.03288655788656,2.64285714285714,5.28571428571429,17,31,20.1111111111111,5.98387096774194,11.9677419354839,10,29,14.8761904761905,3.8448275862069,7.68965517241379,5,7,17.8928571428571,1.92857142857143,3.85714285714286,17,121,16.2012987012987,4.79752066115702,9.59504132231405
3,1,8831,733,1,8686,0,86.095,14,15,69,11.7357142857143,7.3695652173913,14.7391304347826,6,26,42.6666666666667,1.65384615384615,3.30769230769231,6,7,53.2833333333333,3.5,7,11,29,8.73015873015873,5.12068965517241,10.2413793103448,16,69,0.521428571428571,9.26811594202899,18.536231884058,3,4,9.97619047619047,1.25,2.5,2,2,0,1,2,17,206,10.4833333333333,5.51941747572816,11.0388349514563
3,1,8831,733,2,6412,0,2.999,23,15,69,11.7357142857143,7.3695652173913,14.7391304347826,6,26,42.6666666666667,1.65384615384615,3.30769230769231,6,7,53.2833333333333,3.5,7,11,29,8.73015873015873,5.12068965517241,10.2413793103448,16,69,0.521428571428571,9.26811594202899,18.536231884058,3,4,9.97619047619047,1.25,2.5,2,2,0,1,2,17,206,10.4833333333333,5.51941747572816,11.0388349514563
3,10,8590,784,1,7913,0,52.739,36,12,24,3.18333333333333,5.54166666666667,11.0833333333333,14,32,24.6666666666667,6.375,12.75,10,10,22.5833333333333,5,10,11,27,1.15833333333333,6.31481481481481,12.6296296296296,15,57,4.45555555555556,8.62280701754386,17.2456140350877,14,46,17.6083333333333,7.8695652173913,15.7391304347826,0,0,0,0,0,17,196,1.5,6.25,12.5
3,10,8590,784,2,8859,0,70.222,18,12,24,3.18333333333333,5.54166666666667,11.0833333333333,14,32,24.6666666666667,6.375,12.75,10,10,22.5833333333333,5,10,11,27,1.15833333333333,6.31481481481481,12.6296296296296,15,57,4.45555555555556,8.62280701754386,17.2456140350877,14,46,17.6083333333333,7.8695652173913,15.7391304347826,0,0,0,0,0,17,196,1.5,6.25,12.5
3,11,8646,781,1,8818,0,8.499,25,12,35,7.08095238095238,5.61428571428571,11.2285714285714,2,4,6.33333333333333,0.75,1.5,4,4,14.4666666666667,2,4,12,20,16.4285714285714,5.95,11.9,17,45,5.91121933621934,9.05555555555556,18.1111111111111,10,18,37.7333333333333,3.94444444444444,7.88888888888889,3,6,0,1.5,3,17,132,2,6.07575757575758,12.1515151515152
3,11,8646,781,2,8834,0,34.845,20,12,35,7.08095238095238,5.61428571428571,11.2285714285714,2,4,6.33333333333333,0.75,1.5,4,4,14.4666666666667,2,4,12,20,16.4285714285714,5.95,11.9,17,45,5.91121933621934,9.05555555555556,18.1111111111111,10,18,37.7333333333333,3.94444444444444,7.88888888888889,3,6,0,1.5,3,17,132,2,6.07575757575758,12.1515151515152
3,12,8938,784,1,8923,0,59.743,5,11,28,8.27777777777778,4.96428571428571,9.92857142857143,11,37,15.75,3.95945945945946,7.91891891891892,8,9,67.9,3.61111111111111,7.22222222222222,14,43,12.1,5.8953488372093,11.7906976744186,17,60,4.0004329004329,9.16666666666667,18.3333333333333,5,8,12.1190476190476,2.5,5,1,1,0,0.5,1,17,186,2.5,5.71505376344086,11.4301075268817
3,12,8938,784,2,8622,0,38.732,23,11,28,8.27777777777778,4.96428571428571,9.92857142857143,11,37,15.75,3.95945945945946,7.91891891891892,8,9,67.9,3.61111111111111,7.22222222222222,14,43,12.1,5.8953488372093,11.7906976744186,17,60,4.0004329004329,9.16666666666667,18.3333333333333,5,8,12.1190476190476,2.5,5,1,1,0,0.5,1,17,186,2.5,5.71505376344086,11.4301075268817
3,13,8587,588,1,8686,0,60.932,13,13,41,19.8119047619048,5.86585365853659,11.7317073170732,0,0,0,0,0,1,1,1.96666666666667,0.5,1,4,5,21.397619047619,2.5,5,13,29,26.1261904761905,8.46551724137931,16.9310344827586,13,24,30.1166666666667,4.625,9.25,0,0,0,0,0,17,100,41.9333333333333,5.9,11.8
3,13,8587,588,2,6412,0,37.49,10,13,41,19.8119047619048,5.86585365853659,11.7317073170732,0,0,0,0,0,1,1,1.96666666666667,0.5,1,4,5,21.397619047619,2.5,5,13,29,26.1261904761905,8.46551724137931,16.9310344827586,13,24,30.1166666666667,4.625,9.25,0,0,0,0,0,17,100,41.9333333333333,5.9,11.8
3,14,8696,743,1,7913,0,66.29,32,17,62,15.0452380952381,8.69354838709677,17.3870967741935,3,4,1,1.25,2.5,4,4,18.4666666666667,2,4,5,8,4.875,2.125,4.25,12,28,13.8413059163059,5.85714285714286,11.7142857142857,6,10,38.7369047619048,2.9,5.8,3,3,5.6,1.5,3,17,119,8.83333333333333,6.48319327731092,12.9663865546218
3,14,8696,743,2,8859,0,31.129,9,17,62,15.0452380952381,8.69354838709677,17.3870967741935,3,4,1,1.25,2.5,4,4,18.4666666666667,2,4,5,8,4.875,2.125,4.25,12,28,13.8413059163059,5.85714285714286,11.7142857142857,6,10,38.7369047619048,2.9,5.8,3,3,5.6,1.5,3,17,119,8.83333333333333,6.48319327731092,12.9663865546218
3,15,8828,762,1,8818,0,9.249,24,15,49,11.5880952380952,7.60204081632653,15.2040816326531,5,17,15.5,1.97058823529412,3.94117647058824,1,2,2.83333333333333,0.5,1,7,12,5.625,3.08333333333333,6.16666666666667,13,27,15.1992784992785,6.75925925925926,13.5185185185185,1,1,0,0.5,1,7,8,28.9,4,8,16,116,11.25,5.21551724137931,10.4310344827586
3,15,8828,762,2,8834,0,58.847,6,15,49,11.5880952380952,7.60204081632653,15.2040816326531,5,17,15.5,1.97058823529412,3.94117647058824,1,2,2.83333333333333,0.5,1,7,12,5.625,3.08333333333333,6.16666666666667,13,27,15.1992784992785,6.75925925925926,13.5185185185185,1,1,0,0.5,1,7,8,28.9,4,8,16,116,11.25,5.21551724137931,10.4310344827586
3,16,8565,733,1,8923,0,23.005,4,15,53,23.5309523809524,5.66981132075472,11.3396226415094,3,8,26.1666666666667,1.125,2.25,1,1,2.83333333333333,0.5,1,6,10,9.60277777777778,2.7,5.4,16,40,19.5718253968254,7.975,15.95,5,5,14.5416666666667,2.5,5,2,4,0,1,2,17,121,13.4833333333333,5.64876033057851,11.297520661157
3,16,8565,733,2,8622,0,0,6,15,53,23.5309523809524,5.66981132075472,11.3396226415094,3,8,26.1666666666667,1.125,2.25,1,1,2.83333333333333,0.5,1,6,10,9.60277777777778,2.7,5.4,16,40,19.5718253968254,7.975,15.95,5,5,14.5416666666667,2.5,5,2,4,0,1,2,17,121,13.4833333333333,5.64876033057851,11.297520661157
3,17,8776,762,NA,NA,NA,NA,NA,16,71,5.2452380952381,8.34507042253521,16.6901408450704,8,15,42.25,3.16666666666667,6.33333333333333,1,1,1.53333333333333,0.5,1,12,19,27.9357142857143,4.55263157894737,9.10526315789474,16,48,6.79448051948052,7.39583333333333,14.7916666666667,13,31,19.6666666666667,6.11290322580645,12.2258064516129,1,1,0,0.5,1,17,186,0.333333333333333,6.20430107526882,12.4086021505376
3,18,8555,773,NA,NA,NA,NA,NA,14,41,7.52380952380952,5.54878048780488,11.0975609756098,6,22,0,3.54347826086957,7.08695652173913,3,3,30.9,1.5,3,9,20,23.4857142857143,3.85,7.7,11,17,17.3059884559885,4.55882352941176,9.11764705882353,7,7,19.3666666666667,3.5,7,5,5,31.2666666666667,2.5,5,17,115,0.5,5.19827586206897,10.3965517241379
3,2,8745,746,1,7913,0,36.044,19,11,50,4.58333333333333,4.74,9.48,1,1,24.6666666666667,0.5,1,1,1,5.16666666666667,0.5,1,5,10,5.80555555555555,1.8,3.6,9,17,5.88145743145743,4.02941176470588,8.05882352941176,0,0,0,0,0,6,9,46.25,2.5,5,15,88,27.65,4.84090909090909,9.68181818181818
3,2,8745,746,2,8859,0,42.982,21,11,50,4.58333333333333,4.74,9.48,1,1,24.6666666666667,0.5,1,1,1,5.16666666666667,0.5,1,5,10,5.80555555555555,1.8,3.6,9,17,5.88145743145743,4.02941176470588,8.05882352941176,0,0,0,0,0,6,9,46.25,2.5,5,15,88,27.65,4.84090909090909,9.68181818181818
3,3,8712,746,1,8818,0,32.302,22,14,39,20.0507936507937,4.98717948717949,9.97435897435897,8,23,28.5833333333333,2.28260869565217,4.56521739130435,4,4,7.9,2,4,12,18,50.3611111111111,5.61111111111111,11.2222222222222,16,35,25.7712121212121,6.21428571428571,12.4285714285714,1,1,8.5,0.5,1,6,8,47.7,2.5,5,17,128,46.5166666666667,4.9609375,9.921875
3,3,8712,746,2,8834,0,22.997,20,14,39,20.0507936507937,4.98717948717949,9.97435897435897,8,23,28.5833333333333,2.28260869565217,4.56521739130435,4,4,7.9,2,4,12,18,50.3611111111111,5.61111111111111,11.2222222222222,16,35,25.7712121212121,6.21428571428571,12.4285714285714,1,1,8.5,0.5,1,6,8,47.7,2.5,5,17,128,46.5166666666667,4.9609375,9.921875
3,4,8641,739,1,8923,0,52.739,17,11,27,14.7730158730159,5.57407407407407,11.1481481481481,4,7,13.8,1.35714285714286,2.71428571428571,1,1,21.5833333333333,0.5,1,9,15,9.71666666666667,3.7,7.4,16,65,1.50119047619048,8.68461538461538,17.3692307692308,7,18,2.75,3.05555555555556,6.11111111111111,2,2,0.25,1,2,17,135,5.66666666666667,5.86296296296296,11.7259259259259
3,4,8641,739,2,8622,3,15.1,18,11,27,14.7730158730159,5.57407407407407,11.1481481481481,4,7,13.8,1.35714285714286,2.71428571428571,1,1,21.5833333333333,0.5,1,9,15,9.71666666666667,3.7,7.4,16,65,1.50119047619048,8.68461538461538,17.3692307692308,7,18,2.75,3.05555555555556,6.11111111111111,2,2,0.25,1,2,17,135,5.66666666666667,5.86296296296296,11.7259259259259
3,5,8670,743,1,8686,0,10.755,10,14,34,10.2912698412698,7.79411764705882,15.5882352941176,4,10,20.25,1.1,2.2,3,3,20.9833333333333,1.5,3,7,15,3.74285714285714,3.36666666666667,6.73333333333333,14,43,1.03376623376623,6.73255813953488,13.4651162790698,7,12,13.425,3.75,7.5,1,1,4.93333333333333,0.5,1,17,118,33.4666666666667,5.43220338983051,10.864406779661
3,5,8670,743,2,6412,0,54.883,4,14,34,10.2912698412698,7.79411764705882,15.5882352941176,4,10,20.25,1.1,2.2,3,3,20.9833333333333,1.5,3,7,15,3.74285714285714,3.36666666666667,6.73333333333333,14,43,1.03376623376623,6.73255813953488,13.4651162790698,7,12,13.425,3.75,7.5,1,1,4.93333333333333,0.5,1,17,118,33.4666666666667,5.43220338983051,10.864406779661
3,6,8706,588,1,7913,0,73.985,23,15,44,9.89920634920635,7.68181818181818,15.3636363636364,5,8,9.06666666666667,2.5,5,5,7,40.8833333333333,2.64285714285714,5.28571428571429,8,16,15.1059523809524,3.6875,7.375,14,39,16.2583333333333,6.57692307692308,13.1538461538462,1,1,0,0.5,1,1,1,0,0.5,1,17,116,17.2,5.69827586206897,11.3965517241379
3,6,8706,588,2,8859,0,131.922,8,15,44,9.89920634920635,7.68181818181818,15.3636363636364,5,8,9.06666666666667,2.5,5,5,7,40.8833333333333,2.64285714285714,5.28571428571429,8,16,15.1059523809524,3.6875,7.375,14,39,16.2583333333333,6.57692307692308,13.1538461538462,1,1,0,0.5,1,1,1,0,0.5,1,17,116,17.2,5.69827586206897,11.3965517241379
3,7,8620,774,1,8818,0,0,6,8,15,16.0595238095238,2.76666666666667,5.53333333333333,0,0,0,0,0,0,0,0,0,0,7,11,1.53333333333333,3.13636363636364,6.27272727272727,14,28,2.83333333333333,6.67857142857143,13.3571428571429,13,26,9.83333333333333,7,14,9,12,30.45,5.08333333333333,10.1666666666667,17,92,14.3166666666667,7.08695652173913,14.1739130434783
3,7,8620,774,2,8834,0,0,0,8,15,16.0595238095238,2.76666666666667,5.53333333333333,0,0,0,0,0,0,0,0,0,0,7,11,1.53333333333333,3.13636363636364,6.27272727272727,14,28,2.83333333333333,6.67857142857143,13.3571428571429,13,26,9.83333333333333,7,14,9,12,30.45,5.08333333333333,10.1666666666667,17,92,14.3166666666667,7.08695652173913,14.1739130434783
3,8,8575,774,1,8923,0,39.6,10,15,47,8.34285714285714,7.24468085106383,14.4893617021277,11,21,82.2166666666667,3.88095238095238,7.76190476190476,5,7,36.55,2.64285714285714,5.28571428571429,9,15,6.49960317460318,4.96666666666667,9.93333333333333,16,28,22.563924963925,7,14,3,4,18.1607142857143,2,4,3,3,1.58333333333333,1.5,3,17,125,20.3166666666667,6.444,12.888
3,8,8575,774,2,8622,0,7.848,10,15,47,8.34285714285714,7.24468085106383,14.4893617021277,11,21,82.2166666666667,3.88095238095238,7.76190476190476,5,7,36.55,2.64285714285714,5.28571428571429,9,15,6.49960317460318,4.96666666666667,9.93333333333333,16,28,22.563924963925,7,14,3,4,18.1607142857143,2,4,3,3,1.58333333333333,1.5,3,17,125,20.3166666666667,6.444,12.888
3,9,8612,781,1,8686,0,51.505,8,14,39,15.4238095238095,7.725,15.45,2,2,17.8333333333333,1,2,2,2,62.5833333333333,1,2,6,6,14.6055555555556,3,6,12,19,31.9444444444444,5.60526315789474,11.2105263157895,8,13,30.2773809523809,3.5,7,5,6,58,2.16666666666667,4.33333333333333,16,87,0,6.26136363636364,12.5227272727273
3,9,8612,781,2,6412,0,35.246,13,14,39,15.4238095238095,7.725,15.45,2,2,17.8333333333333,1,2,2,2,62.5833333333333,1,2,6,6,14.6055555555556,3,6,12,19,31.9444444444444,5.60526315789474,11.2105263157895,8,13,30.2773809523809,3.5,7,5,6,58,2.16666666666667,4.33333333333333,16,87,0,6.26136363636364,12.5227272727273
4,1,7910,783,1,9116,0,0,10,6,16,2.21785714285714,1.8125,3.625,0,0,0,0,0,1,1,0,0.5,1,9,14,37.1,3.5,7,5,6,15.5690476190476,2.16666666666667,4.33333333333333,4,4,10.2833333333333,2,4,1,1,18.8666666666667,0.5,1,15,42,24.5563492063492,4.71428571428571,9.42857142857143
4,1,7910,783,2,9104,0,3.995,12,6,16,2.21785714285714,1.8125,3.625,0,0,0,0,0,1,1,0,0.5,1,9,14,37.1,3.5,7,5,6,15.5690476190476,2.16666666666667,4.33333333333333,4,4,10.2833333333333,2,4,1,1,18.8666666666667,0.5,1,15,42,24.5563492063492,4.71428571428571,9.42857142857143
4,10,9172,798,NA,NA,NA,NA,NA,8,11,22.3905844155844,3.31818181818182,6.63636363636364,0,0,0,0,0,0,0,0,0,0,5,8,44.9452380952381,1.875,3.75,6,8,7.61551226551227,2.5,5,8,13,59.152380952381,4.03846153846154,8.07692307692308,2,3,20.047619047619,0.833333333333333,1.66666666666667,16,43,13.9345238095238,5.01162790697674,10.0232558139535
4,11,9095,801,1,9030,0,23.749,41,14,42,10.915873015873,4.80952380952381,9.61904761904762,0,0,0,0,0,0,0,0,0,0,4,5,4.08571428571429,1.7,3.4,7,9,17.7259018759019,2.83333333333333,5.66666666666667,4,5,4.25,2.5,5,8,10,38.9333333333333,3.4,6.8,17,71,4.75238095238095,5.73943661971831,11.4788732394366
4,11,9095,801,2,9087,0,23.008,19,14,42,10.915873015873,4.80952380952381,9.61904761904762,0,0,0,0,0,0,0,0,0,0,4,5,4.08571428571429,1.7,3.4,7,9,17.7259018759019,2.83333333333333,5.66666666666667,4,5,4.25,2.5,5,8,10,38.9333333333333,3.4,6.8,17,71,4.75238095238095,5.73943661971831,11.4788732394366
4,12,9080,800,1,9070,0,23.25,21,7,15,2.54166666666667,2.63333333333333,5.26666666666667,0,0,0,0,0,0,0,0,0,0,2,2,3.63333333333333,1,2,5,11,2.04090909090909,1.68181818181818,3.36363636363636,3,5,1.5,1.7,3.4,2,2,53.7714285714286,1,2,12,35,28.2777777777778,3.52857142857143,7.05714285714286
4,12,9080,800,2,9176,3,34.493,17,7,15,2.54166666666667,2.63333333333333,5.26666666666667,0,0,0,0,0,0,0,0,0,0,2,2,3.63333333333333,1,2,5,11,2.04090909090909,1.68181818181818,3.36363636363636,3,5,1.5,1.7,3.4,2,2,53.7714285714286,1,2,12,35,28.2777777777778,3.52857142857143,7.05714285714286
4,13,9130,795,1,9116,0,35.504,20,11,41,9.12063492063492,2.89024390243902,5.78048780487805,1,3,6,0.5,1,0,0,0,0,0,5,6,5.53333333333333,2.16666666666667,4.33333333333333,6,9,20.8452380952381,2.5,5,9,18,28.947619047619,3.16666666666667,6.33333333333333,4,4,16.1666666666667,2,4,17,81,23.0583333333333,4.78395061728395,9.5679012345679
4,13,9130,795,2,9104,3,23.993,10,11,41,9.12063492063492,2.89024390243902,5.78048780487805,1,3,6,0.5,1,0,0,0,0,0,5,6,5.53333333333333,2.16666666666667,4.33333333333333,6,9,20.8452380952381,2.5,5,9,18,28.947619047619,3.16666666666667,6.33333333333333,4,4,16.1666666666667,2,4,17,81,23.0583333333333,4.78395061728395,9.5679012345679
4,14,7848,766,1,9128,0,141.13,10,11,25,20.0485209235209,3.73076923076923,7.46153846153846,1,1,2,0.5,1,0,0,0,0,0,4,9,17.35,1.38888888888889,2.77777777777778,6,6,16.9119047619048,3,6,1,1,3.23333333333333,0.5,1,5,7,64.3333333333333,1.92857142857143,3.85714285714286,16,49,22.7035714285714,4.8,9.6
4,14,7848,766,2,9087,0,77.495,29,11,25,20.0485209235209,3.73076923076923,7.46153846153846,1,1,2,0.5,1,0,0,0,0,0,4,9,17.35,1.38888888888889,2.77777777777778,6,6,16.9119047619048,3,6,1,1,3.23333333333333,0.5,1,5,7,64.3333333333333,1.92857142857143,3.85714285714286,16,49,22.7035714285714,4.8,9.6
4,15,9036,793,1,9030,1,58.757,16,8,17,14.5833333333333,2.79411764705882,5.58823529411765,0,0,0,0,0,1,1,0.5,0.5,1,5,5,16.5833333333333,2.5,5,7,9,23.4088744588745,2.94444444444444,5.88888888888889,6,12,21.152380952381,3.08333333333333,6.16666666666667,2,2,3.4047619047619,1,2,15,46,7.6968253968254,5.39130434782609,10.7826086956522
4,15,9036,793,2,9199,0,21.497,25,8,17,14.5833333333333,2.79411764705882,5.58823529411765,0,0,0,0,0,1,1,0.5,0.5,1,5,5,16.5833333333333,2.5,5,7,9,23.4088744588745,2.94444444444444,5.88888888888889,6,12,21.152380952381,3.08333333333333,6.16666666666667,2,2,3.4047619047619,1,2,15,46,7.6968253968254,5.39130434782609,10.7826086956522
4,16,9043,757,1,9116,1,53.492,19,9,16,15.5575396825397,3.125,6.25,0,0,0,0,0,2,2,1.5,1,2,5,5,14.5666666666667,2.5,5,3,4,7.88578643578644,1.25,2.5,0,0,0,0,0,2,4,13.4047619047619,0.75,1.5,12,31,32.1222222222222,3.79032258064516,7.58064516129032
4,16,9043,757,2,9176,0,0,15,9,16,15.5575396825397,3.125,6.25,0,0,0,0,0,2,2,1.5,1,2,5,5,14.5666666666667,2.5,5,3,4,7.88578643578644,1.25,2.5,0,0,0,0,0,2,4,13.4047619047619,0.75,1.5,12,31,32.1222222222222,3.79032258064516,7.58064516129032
4,17,7773,757,1,9128,0,87.996,30,4,9,2.36507936507937,1.61111111111111,3.22222222222222,0,0,0,0,0,1,1,4,0.5,1,3,5,8.61666666666667,1.1,2.2,8,11,22.7031746031746,3.31818181818182,6.63636363636364,0,0,0,0,0,1,1,0,0.5,1,13,27,28.3996031746032,4.53703703703704,9.07407407407407
4,17,7773,757,2,9199,0,0,4,4,9,2.36507936507937,1.61111111111111,3.22222222222222,0,0,0,0,0,1,1,4,0.5,1,3,5,8.61666666666667,1.1,2.2,8,11,22.7031746031746,3.31818181818182,6.63636363636364,0,0,0,0,0,1,1,0,0.5,1,13,27,28.3996031746032,4.53703703703704,9.07407407407407
4,18,9112,672,NA,NA,NA,NA,NA,14,32,19.1616161616162,4.74242424242424,9.48484848484848,2,4,7,0.75,1.5,2,2,0,1,2,5,6,23.2714285714286,2.16666666666667,4.33333333333333,2,3,2.84090909090909,0.833333333333333,1.66666666666667,7,16,4.16666666666667,3.6875,7.375,4,5,73.447619047619,1.7,3.4,15,68,11.1809523809524,5.06521739130435,10.1304347826087
4,2,7395,766,1,9128,0,78.984,32,6,16,1.97619047619048,2.3125,4.625,0,0,0,0,0,0,0,0,0,0,3,3,13.102380952381,1.5,3,7,10,15.0960317460317,2.7,5.4,2,2,7.91666666666667,1,2,2,2,47.2285714285714,1,2,13,33,1.97619047619048,4.59090909090909,9.18181818181818
4,2,7395,766,2,9199,0,80.007,41,6,16,1.97619047619048,2.3125,4.625,0,0,0,0,0,0,0,0,0,0,3,3,13.102380952381,1.5,3,7,10,15.0960317460317,2.7,5.4,2,2,7.91666666666667,1,2,2,2,47.2285714285714,1,2,13,33,1.97619047619048,4.59090909090909,9.18181818181818
4,3,9014,793,1,9030,1,62.098,27,16,50,27.4279220779221,5.08,10.16,2,2,0,1,2,1,1,0,0.5,1,6,7,2.20238095238095,2.64285714285714,5.28571428571429,2,2,4.28571428571429,1,2,7,11,36.4285714285714,2.68181818181818,5.36363636363636,4,4,50.8428571428571,2,4,17,77,3.83333333333333,6.12337662337662,12.2467532467532
4,3,9014,793,2,9087,1,37.989,19,16,50,27.4279220779221,5.08,10.16,2,2,0,1,2,1,1,0,0.5,1,6,7,2.20238095238095,2.64285714285714,5.28571428571429,2,2,4.28571428571429,1,2,7,11,36.4285714285714,2.68181818181818,5.36363636363636,4,4,50.8428571428571,2,4,17,77,3.83333333333333,6.12337662337662,12.2467532467532
4,4,9133,672,1,9070,0,0,13,10,17,25.7588383838384,3.5,7,0,0,0,0,0,0,0,0,0,0,6,8,24.85,2.375,4.75,6,6,10.8388888888889,3,6,1,3,0,0.833333333333333,1.66666666666667,3,5,29.2,1.3,2.6,13,39,4.63690476190476,4.47435897435897,8.94871794871795
4,4,9133,672,2,9176,0,0,6,10,17,25.7588383838384,3.5,7,0,0,0,0,0,0,0,0,0,0,6,8,24.85,2.375,4.75,6,6,10.8388888888889,3,6,1,3,0,0.833333333333333,1.66666666666667,3,5,29.2,1.3,2.6,13,39,4.63690476190476,4.47435897435897,8.94871794871795
4,5,8803,783,1,9116,0,128.739,17,13,25,17,4.5,9,2,2,0,1,2,2,2,3,1,2,6,7,10.0166666666667,2.64285714285714,5.28571428571429,9,18,15.2981240981241,3.72222222222222,7.44444444444444,7,12,24.8166666666667,3.08333333333333,6.16666666666667,3,3,0,1.5,3,17,69,4.46507936507937,5.54347826086957,11.0869565217391
4,5,8803,783,2,9104,0,44.997,7,13,25,17,4.5,9,2,2,0,1,2,2,2,3,1,2,6,7,10.0166666666667,2.64285714285714,5.28571428571429,9,18,15.2981240981241,3.72222222222222,7.44444444444444,7,12,24.8166666666667,3.08333333333333,6.16666666666667,3,3,0,1.5,3,17,69,4.46507936507937,5.54347826086957,11.0869565217391
4,6,9027,795,1,9128,0,153.995,8,8,16,3.33333333333333,3.25,6.5,0,0,0,0,0,0,0,0,0,0,4,4,23.9666666666667,2,4,5,7,13.5080086580087,2.07142857142857,4.14285714285714,7,11,28.4357142857143,3.13636363636364,6.27272727272727,8,11,12,3.31818181818182,6.63636363636364,15,49,14.047619047619,4.88775510204082,9.77551020408163
4,6,9027,795,2,9199,0,97.882,15,8,16,3.33333333333333,3.25,6.5,0,0,0,0,0,0,0,0,0,0,4,4,23.9666666666667,2,4,5,7,13.5080086580087,2.07142857142857,4.14285714285714,7,11,28.4357142857143,3.13636363636364,6.27272727272727,8,11,12,3.31818181818182,6.63636363636364,15,49,14.047619047619,4.88775510204082,9.77551020408163
4,7,9110,797,1,9030,0,0,20,8,13,8.9738455988456,2.73076923076923,5.46153846153846,2,5,1,0.9,1.8,0,0,0,0,0,7,9,24.4833333333333,2.94444444444444,5.88888888888889,7,11,43.0920634920635,2.68181818181818,5.36363636363636,8,14,16.8666666666667,3.21428571428571,6.42857142857143,2,2,42.4333333333333,1,2,15,54,5.18968253968254,4.51851851851852,9.03703703703704
4,7,9110,797,2,9087,0,0,24,8,13,8.9738455988456,2.73076923076923,5.46153846153846,2,5,1,0.9,1.8,0,0,0,0,0,7,9,24.4833333333333,2.94444444444444,5.88888888888889,7,11,43.0920634920635,2.68181818181818,5.36363636363636,8,14,16.8666666666667,3.21428571428571,6.42857142857143,2,2,42.4333333333333,1,2,15,54,5.18968253968254,4.51851851851852,9.03703703703704
4,8,9238,797,1,9070,0,10.5,6,10,22,21.7520562770563,2.90909090909091,5.81818181818182,6,13,8,2.11538461538462,4.23076923076923,1,1,0,0.5,1,10,20,23.3666666666667,3.65,7.3,8,12,11.0266233766234,3.33333333333333,6.66666666666667,12,25,11.6047619047619,4.98,9.96,2,2,48.1,1,2,17,95,0,6.21578947368421,12.4315789473684
4,8,9238,797,2,9176,0,0,13,10,22,21.7520562770563,2.90909090909091,5.81818181818182,6,13,8,2.11538461538462,4.23076923076923,1,1,0,0.5,1,10,20,23.3666666666667,3.65,7.3,8,12,11.0266233766234,3.33333333333333,6.66666666666667,12,25,11.6047619047619,4.98,9.96,2,2,48.1,1,2,17,95,0,6.21578947368421,12.4315789473684
4,9,9069,801,1,9116,2,31.498,8,11,21,18.1718253968254,4.13636363636364,8.27272727272727,1,3,0,0.5,1,4,4,0,2,4,8,13,13.2166666666667,2.96153846153846,5.92307692307692,12,23,18.6428571428571,4.6304347826087,9.26086956521739,6,10,2.23333333333333,3.4,6.8,2,2,4.23809523809524,1,2,16,76,0.2,6.26623376623377,12.5324675324675
4,9,9069,801,2,9104,2,16.501,2,11,21,18.1718253968254,4.13636363636364,8.27272727272727,1,3,0,0.5,1,4,4,0,2,4,8,13,13.2166666666667,2.96153846153846,5.92307692307692,12,23,18.6428571428571,4.6304347826087,9.26086956521739,6,10,2.23333333333333,3.4,6.8,2,2,4.23809523809524,1,2,16,76,0.2,6.26623376623377,12.5324675324675
5,1,9233,808,1,8556,0,50.586,13,11,17,10.4282467532468,4.32352941176471,8.64705882352941,10,16,57.7333333333333,3.75,7.5,2,2,4.5,1,2,9,18,7.33333333333333,3.22222222222222,6.44444444444444,12,24,20.6412698412698,4.375,8.75,16,53,6.55952380952381,7.02830188679245,14.0566037735849,1,1,0,0.5,1,16,131,0,6.79770992366412,13.5954198473282
5,1,9233,808,2,8629,0,100.497,37,11,17,10.4282467532468,4.32352941176471,8.64705882352941,10,16,57.7333333333333,3.75,7.5,2,2,4.5,1,2,9,18,7.33333333333333,3.22222222222222,6.44444444444444,12,24,20.6412698412698,4.375,8.75,16,53,6.55952380952381,7.02830188679245,14.0566037735849,1,1,0,0.5,1,16,131,0,6.79770992366412,13.5954198473282
5,10,9100,772,1,8579,0,15.504,8,16,44,17.2108225108225,4.63636363636364,9.27272727272727,4,4,15.5833333333333,2,4,3,3,0,1.5,3,5,7,6.59523809523809,2.07142857142857,4.14285714285714,3,8,4.96111111111111,0.875,1.75,7,16,18.1452380952381,2.6875,5.375,2,3,7,0.833333333333333,1.66666666666667,17,85,37.5666666666667,4.7,9.4
5,10,9100,772,2,9032,0,18.009,20,16,44,17.2108225108225,4.63636363636364,9.27272727272727,4,4,15.5833333333333,2,4,3,3,0,1.5,3,5,7,6.59523809523809,2.07142857142857,4.14285714285714,3,8,4.96111111111111,0.875,1.75,7,16,18.1452380952381,2.6875,5.375,2,3,7,0.833333333333333,1.66666666666667,17,85,37.5666666666667,4.7,9.4
5,11,8623,775,1,8632,0,25.25,5,5,7,9.42857142857143,2.07142857142857,4.14285714285714,5,9,21.5,1.94444444444444,3.88888888888889,1,2,0,0.5,1,2,3,7.2,0.833333333333333,1.66666666666667,1,1,0.943589743589744,1,2,5,5,24.0238095238095,2.5,5,0,0,0,0,0,12,27,58.3666666666667,4.42857142857143,8.85714285714286
5,11,8623,775,2,8522,0,0,5,5,7,9.42857142857143,2.07142857142857,4.14285714285714,5,9,21.5,1.94444444444444,3.88888888888889,1,2,0,0.5,1,2,3,7.2,0.833333333333333,1.66666666666667,1,1,0.943589743589744,1,2,5,5,24.0238095238095,2.5,5,0,0,0,0,0,12,27,58.3666666666667,4.42857142857143,8.85714285714286
5,12,8515,772,1,8595,0,0,12,12,36,3.56590909090909,4.11111111111111,8.22222222222222,8,19,10.8333333333333,2.18421052631579,4.36842105263158,2,2,0,1,2,7,12,36.7119047619048,2.5,5,11,18,17.0331501831502,3.88888888888889,7.77777777777778,9,25,7.25238095238095,3.66,7.32,2,3,13,0.833333333333333,1.66666666666667,17,115,0.5,4.80434782608696,9.60869565217391
5,12,8515,772,2,8824,0,0,11,12,36,3.56590909090909,4.11111111111111,8.22222222222222,8,19,10.8333333333333,2.18421052631579,4.36842105263158,2,2,0,1,2,7,12,36.7119047619048,2.5,5,11,18,17.0331501831502,3.88888888888889,7.77777777777778,9,25,7.25238095238095,3.66,7.32,2,3,13,0.833333333333333,1.66666666666667,17,115,0.5,4.80434782608696,9.60869565217391
5,13,9089,806,1,8556,0,109.491,12,13,31,19.3761904761905,4.33870967741935,8.67741935483871,0,0,0,0,0,0,0,0,0,0,3,6,10.4761904761905,1,2,11,21,13.6983516483516,3.69047619047619,7.38095238095238,13,37,15.6535714285714,4.90540540540541,9.81081081081081,1,1,25,0.5,1,16,96,5.33333333333333,4.92708333333333,9.85416666666667
5,13,9089,806,2,8629,2,19.502,29,13,31,19.3761904761905,4.33870967741935,8.67741935483871,0,0,0,0,0,0,0,0,0,0,3,6,10.4761904761905,1,2,11,21,13.6983516483516,3.69047619047619,7.38095238095238,13,37,15.6535714285714,4.90540540540541,9.81081081081081,1,1,25,0.5,1,16,96,5.33333333333333,4.92708333333333,9.85416666666667
5,14,8596,810,1,8579,0,131.049,9,11,32,16.6650793650794,3.3125,6.625,2,2,10.25,1,2,1,1,10,0.5,1,3,3,5.54285714285714,1.5,3,3,3,9.49761904761905,1.5,3,13,25,19.6904761904762,5.06,10.12,2,2,25,1,2,15,68,7.20833333333333,4.75,9.5
5,14,8596,810,2,9032,0,62.704,11,11,32,16.6650793650794,3.3125,6.625,2,2,10.25,1,2,1,1,10,0.5,1,3,3,5.54285714285714,1.5,3,3,3,9.49761904761905,1.5,3,13,25,19.6904761904762,5.06,10.12,2,2,25,1,2,15,68,7.20833333333333,4.75,9.5
5,15,9135,809,1,8632,0,50.509,2,13,23,6.14444444444444,4.93478260869565,9.8695652173913,2,2,80.0666666666667,1,2,6,8,0,2.5,5,7,16,7.05952380952381,2.375,4.75,13,24,13.0474969474969,4.625,9.25,11,35,16.7857142857143,3.87142857142857,7.74285714285714,0,0,0,0,0,16,108,0,6.22222222222222,12.4444444444444
5,15,9135,809,2,8522,0,14.748,21,13,23,6.14444444444444,4.93478260869565,9.8695652173913,2,2,80.0666666666667,1,2,6,8,0,2.5,5,7,16,7.05952380952381,2.375,4.75,13,24,13.0474969474969,4.625,9.25,11,35,16.7857142857143,3.87142857142857,7.74285714285714,0,0,0,0,0,16,108,0,6.22222222222222,12.4444444444444
5,16,9180,808,1,8595,0,76.734,3,8,10,11.2547619047619,3.4,6.8,9,14,3.33333333333333,3.35714285714286,6.71428571428571,2,3,10,0.833333333333333,1.66666666666667,4,4,24.1595238095238,2,4,8,9,5.33162393162393,3.61111111111111,7.22222222222222,2,2,6.65,1,2,1,1,0,0.5,1,16,43,44.725,5.82558139534884,11.6511627906977
5,16,9180,808,2,8824,0,38.492,22,8,10,11.2547619047619,3.4,6.8,9,14,3.33333333333333,3.35714285714286,6.71428571428571,2,3,10,0.833333333333333,1.66666666666667,4,4,24.1595238095238,2,4,8,9,5.33162393162393,3.61111111111111,7.22222222222222,2,2,6.65,1,2,1,1,0,0.5,1,16,43,44.725,5.82558139534884,11.6511627906977
5,17,8557,776,NA,NA,NA,NA,NA,16,47,23.1338023088023,4.73404255319149,9.46808510638298,2,2,23.5666666666667,1,2,2,2,0,1,2,2,2,9.82619047619048,1,2,10,19,24.7738095238095,3.39473684210526,6.78947368421053,10,21,12.2678571428571,3.64285714285714,7.28571428571428,1,1,23,0.5,1,17,94,0,6.61702127659574,13.2340425531915
5,18,9028,813,1,8632,0,149.484,0,13,31,8.20681818181818,4.37096774193548,8.74193548387097,2,6,57.9833333333333,0.666666666666667,1.33333333333333,0,0,0,0,0,3,5,18.7333333333333,1.3,2.6,4,6,8.1474358974359,1.66666666666667,3.33333333333333,3,4,6.10238095238095,1.25,2.5,3,4,16,1.25,2.5,16,56,9.90833333333333,5.35714285714286,10.7142857142857
5,18,9028,813,2,8522,0,81.486,23,13,31,8.20681818181818,4.37096774193548,8.74193548387097,2,6,57.9833333333333,0.666666666666667,1.33333333333333,0,0,0,0,0,3,5,18.7333333333333,1.3,2.6,4,6,8.1474358974359,1.66666666666667,3.33333333333333,3,4,6.10238095238095,1.25,2.5,3,4,16,1.25,2.5,16,56,9.90833333333333,5.35714285714286,10.7142857142857
5,2,8548,804,1,8579,0,100.736,18,15,36,7.12824675324675,5.05555555555556,10.1111111111111,6,15,16.3833333333333,1.76666666666667,3.53333333333333,1,1,28.5,0.5,1,5,5,27.4833333333333,2.5,5,10,14,33.9711843711844,3.78571428571429,7.57142857142857,14,34,18.1095238095238,5.79411764705882,11.5882352941176,1,1,9,0.5,1,17,106,0,6.17924528301887,12.3584905660377
5,2,8548,804,2,9032,1,35.975,20,15,36,7.12824675324675,5.05555555555556,10.1111111111111,6,15,16.3833333333333,1.76666666666667,3.53333333333333,1,1,28.5,0.5,1,5,5,27.4833333333333,2.5,5,10,14,33.9711843711844,3.78571428571429,7.57142857142857,14,34,18.1095238095238,5.79411764705882,11.5882352941176,1,1,9,0.5,1,17,106,0,6.17924528301887,12.3584905660377
5,3,8572,804,1,8632,0,104.767,11,13,37,11.6496031746032,4.31081081081081,8.62162162162162,3,6,33.9666666666667,1.16666666666667,2.33333333333333,0,0,0,0,0,2,5,0.5,0.9,1.8,6,10,2.57374847374847,2.6,5.2,6,8,27.6345238095238,2.375,4.75,0,0,0,0,0,16,66,22.5416666666667,5.74242424242424,11.4848484848485
5,3,8572,804,2,8522,0,46.736,23,13,37,11.6496031746032,4.31081081081081,8.62162162162162,3,6,33.9666666666667,1.16666666666667,2.33333333333333,0,0,0,0,0,2,5,0.5,0.9,1.8,6,10,2.57374847374847,2.6,5.2,6,8,27.6345238095238,2.375,4.75,0,0,0,0,0,16,66,22.5416666666667,5.74242424242424,11.4848484848485
5,4,8653,728,1,8595,0,0,24,11,41,10.3290404040404,2.74390243902439,5.48780487804878,3,5,16,1.1,2.2,1,1,27.5,0.5,1,5,6,12.0333333333333,2.16666666666667,4.33333333333333,7,8,7.62539682539682,3.125,6.25,6,11,11.2,3.04545454545455,6.09090909090909,0,0,0,0,0,14,72,37.5,3.59722222222222,7.19444444444444
5,4,8653,728,2,8824,0,0,27,11,41,10.3290404040404,2.74390243902439,5.48780487804878,3,5,16,1.1,2.2,1,1,27.5,0.5,1,5,6,12.0333333333333,2.16666666666667,4.33333333333333,7,8,7.62539682539682,3.125,6.25,6,11,11.2,3.04545454545455,6.09090909090909,0,0,0,0,0,14,72,37.5,3.59722222222222,7.19444444444444
5,5,9166,810,1,8556,0,72.724,4,15,55,4.32857142857143,4.88181818181818,9.76363636363636,0,0,0,0,0,1,1,0,0.5,1,7,11,20.7238095238095,2.68181818181818,5.36363636363636,14,24,5.12301587301587,6.16666666666667,12.3333333333333,16,54,8.91904761904762,5.94444444444444,11.8888888888889,1,1,0,0.5,1,17,146,1.5,6.17808219178082,12.3561643835616
5,5,9166,810,2,8629,0,78.26,17,15,55,4.32857142857143,4.88181818181818,9.76363636363636,0,0,0,0,0,1,1,0,0.5,1,7,11,20.7238095238095,2.68181818181818,5.36363636363636,14,24,5.12301587301587,6.16666666666667,12.3333333333333,16,54,8.91904761904762,5.94444444444444,11.8888888888889,1,1,0,0.5,1,17,146,1.5,6.17808219178082,12.3561643835616
5,6,8971,806,1,8579,0,89.743,12,12,20,17.8099927849928,4.55,9.1,2,5,1,0.9,1.8,2,7,6.5,0.785714285714286,1.57142857142857,8,9,68.5690476190476,3.61111111111111,7.22222222222222,9,17,30.2347374847375,3.20588235294118,6.41176470588235,13,37,7.85952380952381,5.33783783783784,10.6756756756757,1,1,30,0.5,1,17,96,5.16666666666667,5.67708333333333,11.3541666666667
5,6,8971,806,2,9032,0,92.247,19,12,20,17.8099927849928,4.55,9.1,2,5,1,0.9,1.8,2,7,6.5,0.785714285714286,1.57142857142857,8,9,68.5690476190476,3.61111111111111,7.22222222222222,9,17,30.2347374847375,3.20588235294118,6.41176470588235,13,37,7.85952380952381,5.33783783783784,10.6756756756757,1,1,30,0.5,1,17,96,5.16666666666667,5.67708333333333,11.3541666666667
5,7,8564,776,NA,NA,NA,NA,NA,12,35,15.2353174603175,4,8,0,0,0,0,0,0,0,0,0,0,5,7,30.6452380952381,2.07142857142857,4.14285714285714,5,7,9.01349206349206,2.07142857142857,4.14285714285714,7,12,6.125,2.75,5.5,3,3,22,1.5,3,17,64,25.6666666666667,5.48461538461538,10.9692307692308
5,8,8672,813,1,8595,0,23.501,12,15,45,11.8095238095238,4.7,9.4,4,5,31.2666666666667,1.7,3.4,3,3,34.5,1.5,3,6,9,22.5452380952381,2.5,5,6,7,19.5380952380952,2.64285714285714,5.28571428571429,8,14,22.9619047619048,2.78571428571429,5.57142857142857,0,0,0,0,0,17,83,20.2666666666667,5.45180722891566,10.9036144578313
5,8,8672,813,2,8824,2,26.997,13,15,45,11.8095238095238,4.7,9.4,4,5,31.2666666666667,1.7,3.4,3,3,34.5,1.5,3,6,9,22.5452380952381,2.5,5,6,7,19.5380952380952,2.64285714285714,5.28571428571429,8,14,22.9619047619048,2.78571428571429,5.57142857142857,0,0,0,0,0,17,83,20.2666666666667,5.45180722891566,10.9036144578313
5,9,8530,775,1,8556,0,138.732,3,17,47,6.8218253968254,4.81914893617021,9.63829787234043,6,22,16.1666666666667,1.77272727272727,3.54545454545454,3,3,0,1.5,3,7,11,25.7619047619048,2.95454545454545,5.90909090909091,11,15,16.5584249084249,4.36666666666667,8.73333333333333,10,15,18.2202380952381,3.7,7.4,3,3,0,1.5,3,17,116,9.83333333333333,5.5,11
5,9,8530,775,2,8629,0,63.266,22,17,47,6.8218253968254,4.81914893617021,9.63829787234043,6,22,16.1666666666667,1.77272727272727,3.54545454545454,3,3,0,1.5,3,7,11,25.7619047619048,2.95454545454545,5.90909090909091,11,15,16.5584249084249,4.36666666666667,8.73333333333333,10,15,18.2202380952381,3.7,7.4,3,3,0,1.5,3,17,116,9.83333333333333,5.5,11
